thread_id,tweet_id,created_at,text
58773,58776,2017-11-02 17:51:06+00:00,"@AmazonHelp Had a response saying within next 18-24 hours... Aaarrrrrgh!!! Why is it so difficult!?! Surely you can track where it is, and where the driver is, and what the route is.........?"
294267,294295,2017-10-20 16:16:03+00:00,@AmazonHelp Is there anything else you say?
981998,981999,2017-10-24 17:02:14+00:00,@AmazonHelp Thanks for https://t.co/HT5WDt5IH9 Regards
1049399,1049406,2017-10-23 08:21:49+00:00,@AmazonHelp Very fraud i will say that do not buy from amazon
500751,500755,2017-12-02 10:30:07+00:00,"@AmazonHelp I have sent an email - I am disappointed that I have been lied to, it makes a mockery of paying for Prime membership."
1476894,1476892,2017-11-02 23:00:30+00:00,@AmazonHelp Sent. Thanks a bunch!
1689501,1689503,2017-11-06 20:32:37+00:00,@AmazonHelp Letgo :-)
508183,508182,2017-12-01 21:52:22+00:00,"@AmazonHelp Es un vendedor externo. El nombre es ""Rivalty""."
1456343,1456342,2017-11-02 19:44:54+00:00,"@AmazonHelp Service client téléphonique incompétent, mail de réclamation fait, premium résilié"
180857,180793,2017-10-04 17:36:53+00:00,@AmazonHelp @115851 please teach some managment lesson to @115850  simply asking details multiple time...
1605129,1605128,2017-11-05 01:59:28+00:00,@AmazonHelp There is. But I don’t understand how it could have been in transit and now I may not get it for a couple days.
877018,877019,2017-10-13 18:30:53+00:00,@AmazonHelp Is there any exceptions of what the credit can be used on?
1461592,1461593,2017-11-02 18:32:34+00:00,@AmazonHelp mujhe mere prime k paise return karo. Koi need nhi h mujhe if u can't keep ur words.
1070001,1070005,2017-10-23 16:11:23+00:00,@AmazonHelp Details sent
1496604,1496605,2017-11-03 12:34:18+00:00,@AmazonHelp  https://t.co/GDLCrBnFe5
2318997,2319001,2017-11-13 12:30:46+00:00,@AmazonHelp Actually I hv ordered this product for gifting someone . You know how it feels if it was delivered like this .That is why I am requesting to deliver it little urgent I have followed all your norms also.
2919930,2919929,2017-11-29 00:52:38+00:00,@AmazonHelp Carrier is AMZCA
1212700,1212710,2017-10-28 11:34:49+00:00,@AmazonHelp “I am Sajjad from Social Media Escalation Team”. This man wrote a mail with fake promises are you a company of fake people. Just getting horrible day by day. I don’t need apology I want my money back.
493279,493280,2017-12-01 17:43:34+00:00,@AmazonHelp Thanks so much! Sending an email to report it!!!
138092,138093,2017-11-24 14:31:36+00:00,@AmazonHelp The estimated date was today but now it says.   ‘ Delivery date pending’
2052257,2052258,2017-10-19 22:28:57+00:00,@AmazonHelp Mira te quiero me gusta mucho el móvil xddd
2766966,2766967,2017-11-21 10:52:16+00:00,@AmazonHelp I already did that 3 days ago and therefore escalating it via you.
570814,570818,2017-12-03 20:28:50+00:00,@AmazonHelp Ill dm you..
1771723,1771718,2017-11-11 10:16:43+00:00,@AmazonHelp Hi TD. I’ve placed the order three times. It’s been cancelled every time 😭
2756048,2756043,2017-11-21 02:47:47+00:00,@AmazonHelp Check the case logs. I've been trying to get a resolution for the past week. What else you need??
283085,283533,2017-10-06 13:28:18+00:00,@AmazonHelp I've already filled this form yesterday and haven't been contacted by you yet so what's the need to do it again? Filled it again though -.-
442798,442788,2017-11-22 09:29:43+00:00,@AmazonHelp https://t.co/VahMoItJxe
1736146,1736141,2017-11-07 14:19:28+00:00,@AmazonHelp I was told the earliest would be tomorrow. If I’d known you wouldn’t follow my instructions I would have gone for shop/ locker delivery
133810,133806,2017-11-23 07:16:29+00:00,@AmazonHelp The card was not declined.. you have charged my card but stating payment failure
1212700,1212712,2017-10-31 12:00:50+00:00,@AmazonHelp When I will get my refund. Amazon has promised. I want an update now
275202,275203,2017-10-06 06:37:56+00:00,@AmazonHelp Rephrase. Echo purchased in US will have similar features to one purchased in India when configured with Ind Amazon prime sub &amp; used in Ind?
2930638,2930640,2017-11-29 11:24:59+00:00,@AmazonHelp @810672 I have the same email for Spain...I only can say bye bye...
384147,384148,2017-10-09 11:52:33+00:00,@AmazonHelp Where would it say?
635692,635690,2017-11-22 17:09:53+00:00,"@AmazonHelp Hallo, nein, das war es nicht - unten im Hauseingang lagen 5 Päckchen von 4 Parteien, davon 2 Parteien nachweislich den ganzen Nachmittag Zuhause"
2281393,2281392,2017-11-26 15:47:05+00:00,"@AmazonHelp Hallo. Danke für die Info, aber ich hab die Rücksendung natürlich schon beantragt und als Begründung auch alles Nötige dazu geschrieben. Wollte das aber trotzdem nochmal tweeten um mir etwas Luft zu machen und vor dem Ding zu warnen, grad Kinder sind in Gefahr in diesem Fall."
2408711,2408715,2017-11-15 16:56:36+00:00,@AmazonHelp Yesterday.
1983544,1983548,2017-10-19 14:53:17+00:00,@AmazonHelp Of course
1532969,1532967,2017-11-04 18:01:29+00:00,@AmazonHelp That worked! Thanks so much.
180519,180513,2017-10-04 12:43:23+00:00,"@AmazonHelp Didn't receive a reply first time around, resent recently."
947320,947321,2017-11-25 17:17:12+00:00,@AmazonHelp Nope. I didn't even know that my other bank account was linked to my amazon account?
2690660,2690661,2017-11-19 16:24:04+00:00,@AmazonHelp Any way to get in contact with the driver
1604495,1604496,2017-11-05 08:46:18+00:00,"@AmazonHelp Das war Ironie, aber trotzdem danke. 😄"
2700796,2700800,2017-11-19 21:15:29+00:00,@AmazonHelp massive help that is too thanks for nothing.. just proves my point that amazon case about one thing only and that isnt the customer.
93697,93698,2017-11-30 16:08:05+00:00,@AmazonHelp Nothing to do with getting it gift wrapped. Just for it to be delivered in the condition it left your warehouse and not have stickers that won’t peel off without ripping the surface would be nice. It hardly arrived in the ‘Prime’ condition I usually expect of you.
277592,277593,2017-10-06 12:46:20+00:00,"@AmazonHelp いつも利用させてもらってます！！！！
楽しみに待ってます✨
わざわざ挨拶ありがとうございます^ ^"
415132,415133,2017-10-10 15:37:53+00:00,@AmazonHelp I just wanted the $100+ gift I ordered to be delivered in time for the recipients bday. Which has now come and gone.
1253877,1253878,2017-10-17 03:26:54+00:00,"@AmazonHelp わざわざありがとうございます！
そうです！近づいてからご連絡いただけるんですね！！初めてで慣れておらず、わからなかったところを助けていただきありがとうございます🙇
ご丁寧にありがとうございます！リンク見て見ます！"
2503614,2503615,2017-11-15 20:43:01+00:00,@AmazonHelp I'm being transferred to CSR #6 (a supervisor) now. Hoping for the best!
889427,889405,2017-10-20 23:55:00+00:00,"@AmazonHelp This gets fixed, or I'm gone. I'll sell off my kindle's, all 5 echo devices, etc. Avg $10K a year in purchases. Disgusting treatment."
49965,49972,2017-11-03 10:15:26+00:00,@AmazonHelp I'm not getting any emails or updates from Amazon support. Useless service. After repeated follow ups gets single reply to wait
1386490,1386489,2017-10-31 20:44:52+00:00,@AmazonHelp Rien de particulier hormis « Livraison prévue aujourd’hui avant 20h »
812452,812458,2017-11-26 11:21:44+00:00,@AmazonHelp Pick up is not yet scheduled. Tomorrow is last day for return. Pls help
1194325,1194322,2017-10-16 00:06:13+00:00,@AmazonHelp No it did ask my social media name that’s all
2711801,2711803,2017-11-20 03:55:58+00:00,@AmazonHelp It was a survey for the new The Tick show.
1098566,1098561,2017-10-16 00:57:48+00:00,@AmazonHelp Walk me through it: on this IPhone remote controller- what do I press to get rid of the orange magnifier border? https://t.co/hitUfDx3FY
2488925,2488921,2017-11-26 19:33:16+00:00,"@AmazonHelp Il est bien indiqué là https://t.co/IHLVxAuAKD ?? 
Et pourtant tjrs pareil 194€"
1384264,1384268,2017-10-28 09:01:09+00:00,@AmazonHelp Hablamos de Sevilla capital...
2827669,2827675,2017-11-27 16:39:36+00:00,"@AmazonHelp @787586 Who will take responsibility of this kind of blunder???
It seems lots of sentiment involved at the time of ordering as it was for very special occasion"
719896,719901,2017-10-11 02:33:04+00:00,@AmazonHelp I can't find anything you're talking about. A simple reply with 1 (888) 280-4331 would be nice as I had to google that. Fixed now.
2886488,2886505,2017-11-28 14:55:10+00:00,"@AmazonHelp On tourne en rond là, car comme je vous l'ai dit, j'ai déjà 2 comptes aujourd'hui et je n'ai jamais voulu créer de 2ème compte :)"
2261674,2261677,2017-10-20 05:37:58+00:00,@AmazonHelp I can not understand you over Twitter. Please contact me for better understanding. Kindly contact me @91480
980489,980490,2017-10-20 11:52:27+00:00,@AmazonHelp @352476 UPS  à Marseille c'est le même problème
1955941,1955942,2017-10-18 20:40:29+00:00,@AmazonHelp Called c/s Andrew took care of thank you!
2468636,2468638,2017-11-21 15:10:44+00:00,"@AmazonHelp on amz chat they said the product got damaged and hence got returned. So were is customer mistake here? Usually we get 3delivery attempt 
:("
111957,111956,2017-11-23 20:08:47+00:00,@AmazonHelp I'm not the account holder attached to it so apparently no one can help me.
713344,713345,2017-10-11 12:45:50+00:00,"@AmazonHelp Mensaje recibido, esperaré pues. Muy amables 😘"
1408075,1408095,2017-10-29 19:02:56+00:00,@AmazonHelp Why should the customer wait all the time.
2171005,2171004,2017-11-09 11:52:52+00:00,@AmazonHelp UK site it’s not the first time it’s happened
244942,244943,2017-10-05 15:06:54+00:00,"@AmazonHelp @115850 has started selling echo series and you guys have no info yet....
it's strange.Should I buy it or not?"
1082198,1082203,2017-10-23 20:51:05+00:00,"@AmazonHelp Sony Bravia 4K, Baujahr ende 2016"
78837,78839,2017-11-30 12:37:09+00:00,@AmazonHelp and conversation moves to another agent. Agents telling me they will refund me and then ending the chat. Promised 5 times someone will call me from the UK but always get Barbados call centre who have no clue about my complaint
1325869,1325870,2017-10-16 12:25:32+00:00,@AmazonHelp Lets prove you are a good e commerce brand &amp; award winning customer support team.Lets discuss in public. I don't mind sharing my details.1/2
2548,2543,2017-10-31 23:17:22+00:00,"@AmazonHelp Just now, don't use Amazon much so didn't know the process if you don't receive an item"
1146963,1146964,2017-10-24 21:17:02+00:00,@AmazonHelp Je recois le message : mdp incorrect
644802,644807,2017-11-22 18:48:45+00:00,@AmazonHelp I've done it where you can drop it off to a local shop but to see the address of the one closest is in possible as the map is not working. Would you tell me the closest one if I send you my postcode??
298993,298994,2017-10-06 21:27:51+00:00,@AmazonHelp I've had a ^BV and a ^JD and a ^JE and a pathetic lady on the phone so far. https://t.co/C2SulJbOD6
99760,99761,2017-11-30 19:12:57+00:00,@AmazonHelp Oui il l’était heureusement mais il aurait pu être embarqué par n’importe qui ou abîmé ...
2967784,2967785,2017-11-29 23:34:44+00:00,@AmazonHelp claro que si :D
836162,836164,2017-10-13 09:15:01+00:00,@AmazonHelp you support team is helpful. The technical support team is busy and I got defective mobile. Amazon is not bothered get refund request.
932721,932722,2017-10-21 18:08:02+00:00,"@AmazonHelp No help . 4 times contacted .By email,chat ,Twitter etc. Same answer, always,we are looking into the matter. Horrible service."
343871,1434961,2017-11-04 14:33:15+00:00,@AmazonHelp All the concerns are unanswered
2636861,2636862,2017-11-17 20:28:50+00:00,@AmazonHelp I don’t think so 🤦🏻‍♀️.
2309510,2309511,2017-11-13 03:57:51+00:00,"@AmazonHelp Não, vem como AmazonPrime Membership. Só que eu cancelei após a trial e ainda recebi o e-mail de vocês confirmando o cancelamento. Agora vi que foi cobrado em outubro e hoje novamente."
2735695,2735696,2017-11-27 00:24:42+00:00,"@AmazonHelp At checkout, delivery was supposed to be Saturday, Nov 25. Yesterday, I️t said out for delivery. I️ got an email at 4:45 that showed an attempted delivery at 12:48, but was at home all day and, never saw anyone making deliveries. Now there is no est. delivery time on package"
1976722,1976723,2017-10-18 18:03:10+00:00,@AmazonHelp I ordered an item which priced 7390 at that time which included free delivery and an exchange item but after 24 hours the price bill (1/3)
249148,249144,2017-10-05 16:45:57+00:00,@AmazonHelp C'est votre SAV qui vient de me donner ces informations hein !
1042296,1042293,2017-10-23 08:54:52+00:00,@AmazonHelp Please see attached https://t.co/VVvNYLZafj
859634,859635,2017-10-20 17:10:45+00:00,"@AmazonHelp Oui, ils m'avaient promis une livraison aujourd'hui."
1366289,1366290,2017-10-28 18:35:11+00:00,"@AmazonHelp I understand the urgency. We wouldn't be able to give you any time frame, however, we will check this and get back to you 

-Nishanth"
593369,593371,2017-12-03 18:10:02+00:00,@AmazonHelp Not showing here??? The last one I ordered was a backpack which is showing but not recharge. Does it mean my recharge is not done and my money will not be deducted??
2289946,2289947,2017-11-12 08:07:24+00:00,@AmazonHelp ご丁寧にありがとうございます！
1341698,1341699,2017-10-27 16:10:58+00:00,"@AmazonHelp Tem data estimada para 27-31/10, mas sequer foi enviado."
787632,787641,2017-10-26 08:58:24+00:00,"@AmazonHelp Now the reply your customer service department is that ""sorry can't trace your order"". Is this the kind of service you provide Disappointed"
1773808,1773809,2017-10-17 22:42:51+00:00,"@AmazonHelp yeah, uh, why was i unsubscribed from"
793865,793866,2017-10-13 09:12:45+00:00,"@AmazonHelp Did amazon is reallu concern about my issue, no call no update.. really such a worst customers support. Can we expect a urgent assistance"
873758,873754,2017-10-31 15:27:06+00:00,"@AmazonHelp So, will anyone be actually calling me to discuss this?  Why do you have so little respect for me as a customer?"
1943690,1943691,2017-10-18 18:00:02+00:00,@AmazonHelp Yes i have shared the whole concern
1137302,1137298,2017-10-25 07:39:06+00:00,@AmazonHelp Here are my skills that i use more often https://t.co/6lEUQJ6pGB
919085,919086,2017-10-13 20:52:23+00:00,@AmazonHelp AMZL US. It's to be delivered to a friend's address and I can't reach her right now
608079,608080,2017-11-23 01:45:16+00:00,"@AmazonHelp It's abt 1 pickup request which has nt been completed yet, inspire of having word with Baruna,Sumen,Tauheed,Nishant,Vijay n Bhavesh..
404-7462347-7708364"
456543,456538,2017-12-01 00:09:05+00:00,@AmazonHelp Por el vendedor
2454237,2454233,2017-11-30 22:45:13+00:00,"@AmazonHelp They will email the courier again. Hi Alexa, why dont you employ more drivers for Christmas? Hi Alexa, who's paying the extra  postage to send presents now my delivery is 3 days overdue? Hi Alexa, Is it better to go to the high street and dump Amazon Prime?"
1234210,1234214,2017-10-16 15:53:15+00:00,@AmazonHelp USPS
2870689,2870690,2017-11-28 02:28:53+00:00,@AmazonHelp You’re probably just happy I’m gonna be one less customer to worry about with this one. Nope I’ll just keep sharing my horrible experiences here on Twitter so people can see it’s not all sunshine and roses with this company. Who has obviously forgotten about caring for customers.
273838,273828,2017-10-06 06:01:35+00:00,@AmazonHelp Hi AP. I’ve done this responding 3 times now and I’ve gotten the exact same response. I’ve given you the order number and contact details.
499925,499930,2017-12-01 19:52:57+00:00,"@AmazonHelp Pone que el destinatario estaba ausente cuando he estado todo el dia en casa y aqui no ha llegado nadie, y normalmente cuando no dan contigo llaman al telefono"
1525952,1525953,2017-11-03 21:51:56+00:00,"@AmazonHelp Pero no puedo cancelarlo si se ha enviado, el problema es el servicio de mensajería en este caso @80 no cumple! Ya no necesito el producto"
2945544,2945545,2017-11-29 15:35:56+00:00,@AmazonHelp Thank you!
462480,462481,2017-12-01 03:21:15+00:00,@AmazonHelp  https://t.co/582Anv53cc
1512094,1512086,2017-11-03 17:41:32+00:00,"@AmazonHelp Envoie aujourd’hui livraison 24h j’ai payé 9,99€ ou Ces du vol que vous faites"
1334289,1334294,2017-11-04 18:44:51+00:00,"@AmazonHelp Already been 4days.....no call, no update on same. Who is working.?"
1558923,1558917,2017-10-17 04:18:18+00:00,@AmazonHelp . com
1579675,1579676,2017-11-04 20:15:31+00:00,@AmazonHelp thx
533279,533266,2017-12-02 11:48:08+00:00,@AmazonHelp No. It says nothing. https://t.co/Gu1gGcoMjU
243209,243210,2017-10-05 14:50:03+00:00,@AmazonHelp Your Customer team did not provide any proper solution when i contacted them.
2803392,2803391,2017-11-22 01:29:36+00:00,@AmazonHelp まあ無視してますけどね…。
2954302,2954299,2017-11-29 19:19:40+00:00,"@AmazonHelp Yes, that was my final option"
227379,227385,2017-10-05 11:05:21+00:00,"@AmazonHelp I guess expecting a response is fundamental requirement and this can't be compromised by Amazon.
Thx"
1317501,1317502,2017-10-27 08:06:48+00:00,@AmazonHelp Pre ordered and got a email saying that copy no longer available so upgraded it for no cost and got a email saying delayed till tomorrow
888361,888352,2017-11-26 17:25:50+00:00,@AmazonHelp I'm so much frustrated because of you. Now because of your lame response i'm going further ahead.
180296,180285,2017-10-04 11:54:00+00:00,@AmazonHelp oui
519802,519808,2017-12-02 03:05:51+00:00,@AmazonHelp She said the driver clocked out. Am I supposed to be waiting for a package to drive itself?
570837,570840,2017-12-03 12:16:15+00:00,@AmazonHelp Well I am going to file a case now in consumer forum for cheating
2319396,2319397,2017-11-13 13:44:55+00:00,"@AmazonHelp Si @AmazonHelp, compro muchísimo, soy premium y solo tengo problemas con @80. Siempre."
2714130,2714129,2017-11-20 04:10:18+00:00,@AmazonHelp Thank you amazon for taking care of this and for prompt reply. :)
2105850,2105851,2017-11-08 13:31:34+00:00,@AmazonHelp How to proceed further.
1489172,1489184,2017-11-03 09:39:27+00:00,@AmazonHelp ok et pour le colis retourner
2856583,2856582,2017-11-27 21:29:27+00:00,@AmazonHelp No email regarding delay. The tracker ID says it was out for delivery today. But will now be tomorrow. Whenever it is it's too late. As the original stated delivery date was Friday 24th.
2666900,2666904,2017-11-19 13:35:29+00:00,@AmazonHelp Thanks have done
2312315,2312323,2017-11-13 00:05:07+00:00,@AmazonHelp I've deleted another one since then as well.
1191363,1191361,2017-10-25 08:05:15+00:00,@AmazonHelp やってみます。
476793,476795,2017-12-03 07:02:05+00:00,@AmazonHelp @AmazonHelp Hi TE. What shall I do with your printer cartridge?
42525,42522,2017-11-01 15:56:23+00:00,@AmazonHelp Yes
234798,234800,2017-10-05 14:12:35+00:00,"@AmazonHelp I returned an item via @149473 , your customer executive​ thinks I have sent a doctored recipient as return charges are very high"
1680089,1680090,2017-11-13 06:44:53+00:00,@AmazonHelp Plz check __email__ amazon id...Complaint is registered..he gifted me a gift card which is not working... @510903 ...U guys don't care for ur customer..I just spent 30 mins explaining same to ur customer rep over chat as well
101798,101799,2017-11-30 17:34:23+00:00,@AmazonHelp I did for the first chat with Ashish and left positive feedback. 👍🏻 Chat with Shruti did not give me the feedback option.
1152602,1152601,2017-10-24 17:09:49+00:00,@AmazonHelp It only offers me an option for a refund. I just want to send this back and get the right item sent to me.
563004,563005,2017-12-02 23:21:27+00:00,@AmazonHelp 👍💻💳💰👍
2154184,2154179,2017-11-21 13:17:34+00:00,@AmazonHelp When I'm expecting your phone call? You're as slow as your courier service is.
2281443,2281444,2017-11-26 17:57:12+00:00,@AmazonHelp They are up to date and do you think it’s acceptable to leave parcels on a doorstep which everyone can see
1117717,1117713,2017-10-24 04:44:47+00:00,"@AmazonHelp YEAH BRO BUT I NEED YOU TO SOLVE THIS PLEASE JUST DELIVER IT
THANKS"
2678084,2678085,2017-11-19 14:13:51+00:00,@AmazonHelp Still having issues. Got the cover load but can’t move beyond that. Hopefully I receive a reply today. This is what I keep getting. https://t.co/z6nEHWVEdp
1936510,1936511,2017-11-26 09:52:52+00:00,@AmazonHelp Vuestra solución es que llame yo a mis vecinos puerta por puerta... Como si eso fuera tarea mia o como si nadie fuera amigo de lo ajeno. Es ridiculo! Tenéis repartidores que dejan los paquetes sin decir dónde y encima no hay manera de localizarlos. Que vergüenza de servicio!
1806943,1806950,2017-11-11 12:54:11+00:00,"@AmazonHelp Nein, ich möchte das #seller Konto nun löschen, da ich keine zweite Telefonnummer einzutragen bereit bin. Und ihre verifizierungsmethoden für bedenklich halte. War das jetzt verständlich, @116316?"
2192330,2192331,2017-11-09 21:09:47+00:00,"@AmazonHelp Yes, however it now won’t arrive in time. Very disappointed. Subscribe to Prime so a 5 day delay with no apology or email is hardly acceptable."
1099595,1099596,2017-10-23 22:43:20+00:00,"@AmazonHelp Have points, select to use AMZN card but no points, gets back to cart showing X points to be applied."
284356,284358,2017-10-06 13:51:26+00:00,"@AmazonHelp N° DE COMMANDE
406-9559613-5470745"
831765,831776,2017-10-15 10:18:28+00:00,@AmazonHelp I haven't received any email regarding any type of support. You peoples are only saying to wait for another 24-48 hours. Nothing else than that. I want my product by today EOD. Please help if pssible
1366934,1366933,2017-10-27 22:07:33+00:00,@AmazonHelp Yes
1275042,1275043,2017-10-26 15:40:30+00:00,@AmazonHelp Received this. Keep trying to change my password but it keeps saying it's incorrect https://t.co/JSELW7TJdH
595632,595711,2017-12-03 19:21:11+00:00,@AmazonHelp Vendido y enviado por Amazon. Ya me habían respondido. Me pondré en contacto directamente con servicio a clientes si mi envío no llega mañana como ustedes me habían prometido. Gracias. https://t.co/MomlOk0eTi
2375356,2375351,2017-11-14 02:45:24+00:00,@AmazonHelp Good news.  The site is back and loads just fine now.
108224,108229,2017-11-24 12:26:25+00:00,@AmazonHelp How can I reach an actual person in the fraud department? All I’ve gotten is an automated response that isn’t helpful. I CAN’T lose all of this money. I’m a broke college student that used what I had to get a camera for my classes and now I’ve got nothing. I want my money back
2928375,2928376,2017-11-29 16:26:23+00:00,@AmazonHelp Ok I understand I will send it in message.
1676413,1676415,2017-10-17 16:14:20+00:00,"@AmazonHelp As a visually impaired customer, why shouldn't i be able to share the same experiences as someone who is normally sighted...?"
2277532,2277533,2017-11-11 18:51:43+00:00,@AmazonHelp Thankfully it has just arrived
2457062,2457053,2017-11-15 09:49:33+00:00,"@AmazonHelp BUT THIS ORDER WAS NOT CANCELED BY ME OR ANYTHING , 
THIS IS YOUR PERSONAL PROBLEM AND YOU ARE NOT INFORM ME OR CALL ME , 
HOW CAN I GET ANY INFO. ABOUT MY PRODUCT , ON LAST DAY OF DELIVERY I FOUND MY PRE-PAID ORDER IS GET BACK TO SELLER .

I WANT MY PRODUCT ASAP. NO EXCESSES"
1422012,1422013,2017-11-05 04:25:12+00:00,@AmazonHelp Just got the acknowledgement msg on 11/03 10:38:42
989216,989217,2017-10-14 12:17:41+00:00,@AmazonHelp Have already mailed the details
1744039,1744050,2017-11-11 05:48:45+00:00,"@AmazonHelp Filled the Detail , waiting for my order.."
71964,71958,2017-11-30 10:03:31+00:00,"@AmazonHelp Yes, and the app told me it was going to be there by 8, until after 8.  Then it was pushed back two days.   That tells anyone with a brain that your app shouldn’t be telling people that"
1105061,1105062,2017-10-15 08:49:10+00:00,@AmazonHelp 3 days over my problem not resolved
643802,643807,2017-10-13 07:52:34+00:00,@AmazonHelp Tried and as always C.Service is good but people on ground are more than worst.
419214,419222,2017-10-10 06:16:44+00:00,@AmazonHelp But how customer care giving me 100% surity that they will deliver my laptop in 10 . Just justify this thing.
900890,900891,2017-10-21 05:17:09+00:00,@AmazonHelp I’m done reporting this. What’s the point? All I get from you guys is apologies.
1313356,1313350,2017-10-27 07:29:00+00:00,@AmazonHelp we have not received any reply from your team.
2153183,2153186,2017-10-19 11:30:41+00:00,"@AmazonHelp Se a directlog continuar com com essa irresponsabilidade, em breve eles vão dar muita dor de cabeca pra vocês"
2312499,2312490,2017-11-12 22:38:29+00:00,@AmazonHelp Elite Trooper Digital Deluxe for Xbox One
1478816,1478822,2017-11-06 01:51:39+00:00,"@AmazonHelp J+7 de la commande #Amazon jamais livrée, annulée jamais récupérée par vous et moi tjs pas rembourser. 👎"
1195809,1195810,2017-10-25 02:45:27+00:00,@AmazonHelp Thanks!
2876300,2876299,2017-11-28 06:02:01+00:00,@AmazonHelp ありがとうございます！ お世話になってます。笑
2253177,2253178,2017-11-10 20:58:43+00:00,@AmazonHelp my case came in
2289838,2289839,2017-11-12 06:11:56+00:00,@AmazonHelp I had multiple call with Your customer care team earlier  . No use they are not responding properly
324123,324138,2017-10-08 01:29:32+00:00,@AmazonHelp  https://t.co/SzMTD5A5Xu
2759419,2759418,2017-11-18 18:48:11+00:00,@AmazonHelp https://t.co/DmvGQKxvzj hope this brings the deja-chu in you guys...#DejaChu
2291407,2291409,2017-11-12 11:31:35+00:00,@AmazonHelp 3 drives ordered (fulfilled by Amazon). Arrived badly packaged. One failed. Sent packaging feedback. Asked for a drive replacement. 3 sent out. Told I did need to send the faulty one back. Replacements badly packaged again. One of the replacements was DOA. (1/2)
1881131,1881133,2017-11-08 15:02:52+00:00,@AmazonHelp your app thinks all these bald guys are the same person. pretty useless. https://t.co/avcmK2eF57
2899668,2899672,2017-11-28 19:57:29+00:00,@AmazonHelp 2 hours ago lol
545740,545744,2017-12-02 17:30:49+00:00,"@AmazonHelp Je viens de l'avoir à l'instant! Mes excuses, bonne soirée et merci"
83423,83419,2017-11-30 14:31:49+00:00,@AmazonHelp Your team only best at speaking but i want result.... If today i didn't contact you dont know why my money will be back to my acc. Your whole system is fake..... Your whole team trying to make people fool and make them tired and at least by the end people forget about their money
441861,441866,2017-10-11 12:16:24+00:00,@AmazonHelp en cliquant sur ignorer...je suis renvoyer vers... la fenêtre de connexion... et l'option ignorer n'y est plus...
2199190,2199191,2017-10-20 09:54:48+00:00,@AmazonHelp I expect return ASAP.
1323933,1323934,2017-10-27 15:39:14+00:00,"@AmazonHelp doesn't answer my question. Who cut the tree down, Jack (of the beanstalk)? Woodcutter (from Little Red Riding hood)?"
2402338,2402339,2017-11-14 14:09:16+00:00,"@AmazonHelp Nope. Nur ein Paket von dem ersten Lieferdienst (E-Mail erhalten) habe ich bekommen, bzw. hat mein Vater angenommen.

Bei den anderen beiden Paketen sieht es wie folgt aus:
https://t.co/Tuu4BqCeyu"
114392,114387,2017-11-23 17:21:30+00:00,@AmazonHelp  https://t.co/YWYiTe4AWu
538511,538512,2017-12-02 14:37:15+00:00,@AmazonHelp But I haven’t done any of those things
1615543,1615545,2017-11-05 13:43:40+00:00,@AmazonHelp See I am not able to fill this form!without even giving a reason you hav not delivered my order and now  not returning my money!
2786243,2786244,2017-11-21 18:57:52+00:00,@AmazonHelp Bonne soirée
412291,412292,2017-10-10 00:58:45+00:00,"@AmazonHelp Let me try tomorrow, I went Vinyl instead :) thanks for such a quick response https://t.co/hCrjPkGrC0"
755032,755033,2017-10-11 18:46:49+00:00,@AmazonHelp En mp? Je vous suis.
2170911,2170910,2017-11-09 12:48:47+00:00,@AmazonHelp いつもお世話になっております！ツイートを拾っていただき、ありがとうございます。一度問い合わせしてみます。
1131330,1131329,2017-10-24 11:58:58+00:00,@AmazonHelp It’s gonna be so awesome!!!! I feel like a kid at Christmas.
1240403,1240406,2017-11-13 06:01:23+00:00,@AmazonHelp Why did I pay extra and why do you advertise it as a guaranteed 2 day delivery? Mis leading advertisement and fake promises. https://t.co/0baDW45Qs3
354509,354495,2017-10-11 12:48:35+00:00,@AmazonHelp As of now i haven't been explained why the order wasnt delivered even today. Explanation i guess wud be 2 much to expect @115821 @115850
2124732,2124731,2017-11-08 18:23:51+00:00,"@AmazonHelp Dommage, vous pouvez compter d’avance un article égaré alors"
1581347,1581348,2017-11-04 20:06:24+00:00,@AmazonHelp returning charge will cost me more than buying tht missing part or may be more than product itself.. thanks anyway.(1/2)
1344549,1344542,2017-10-27 16:39:56+00:00,"@AmazonHelp Yes
I have 
Your Executive told me that we can't replace, we will refund the money back.
And said that's the last escalation
Help me"
1178868,1178877,2017-10-24 21:57:53+00:00,@AmazonHelp Hope I get it
2304211,2304220,2017-11-12 22:18:05+00:00,@AmazonHelp This has now ruled out all options for me and caused a real issue
1686799,1686808,2017-11-08 16:23:23+00:00,@AmazonHelp Hey guys!! Did you solve the my problem?? Please update.
564957,564958,2017-12-03 00:27:30+00:00,@AmazonHelp Not helpful. I’ve been watching that page for updates since dispatch at 12:59 AM
2880409,2880405,2017-11-28 08:54:07+00:00,"@AmazonHelp Cette page apparait quand Je me connecte. Le mail n'est envoyé /reçu plusieurs heures après mais le code contenu n'est plus valable puisqu'il dure 10minutes. 
Je n'ai rien fait de particulier, j'ai juste déconnecté mon compte et reconnecté sur le meme appareil. https://t.co/QhVtqUhauY"
2454047,2454048,2017-10-29 19:37:45+00:00,"@AmazonHelp Orders are always messed up. I order 3 qty of an item, and ea is shipped separately, on different days. Who does that? Prime is not worth it"
1808346,1808347,2017-10-18 03:01:04+00:00,@AmazonHelp see if they could help but she did not understand at all what i was asking and didn’t cancel the replacement request
2358897,2358899,2017-11-13 21:23:51+00:00,@AmazonHelp over 36 hours ago.
183431,183435,2017-10-04 10:49:27+00:00,@AmazonHelp Bought LG Q6 on 18 September with No Int. EMI. While checking out Use wallet was automatically checked and now the support wont make it EMI
481696,481700,2017-12-01 14:09:15+00:00,@AmazonHelp This is the explanation from @UPSHelp - apparently their ENTIRE Md warehouses too full so they can't unload new shipments - SO IS EVERYONE IN MARYLAND JUST OUT OF LUCK AND PACKAGES A WEEK FREAKING LATE? https://t.co/xa2r9JHhfO
526161,526165,2017-12-02 08:03:39+00:00,@AmazonHelp This morning at 4:24 am. It went from California to Kentucky.
837829,837828,2017-10-13 10:21:43+00:00,"@AmazonHelp Je viens d’appeler le service client; la personne s’en occupe. Si ça ne marche pas, vous perdez un (bon) client."
1676619,1676625,2017-10-17 23:47:08+00:00,@AmazonHelp I m not sure  product will be delivered today or not. Let see what is going to happen your agent will come with same old story or new story
1031586,1031580,2017-10-23 04:42:00+00:00,@AmazonHelp @115850 I expect u to call me. I hope my no. is available. this is the 5th time I m trying to get my money back.
1058816,1058815,2017-10-23 12:34:33+00:00,"@AmazonHelp Ich habe als Prime-Kunde Prime-Artikel bestellt, daher denke ich, ja. Ist zum Glück nicht allzu dringend. Ich warte mal ab :)"
197648,197611,2017-10-05 05:49:56+00:00,@AmazonHelp How to check that???? While i an not a spammer i think my account was spammed
1131305,1131308,2017-10-25 17:38:41+00:00,"@AmazonHelp Mr./Ms. ^NK, what happened to your 12hrs commitment.I said yday itself that u r joking.i know your efficiency &amp; Customer consciousness. puke"
1950041,1950039,2017-10-18 15:09:04+00:00,@AmazonHelp @577875 Same happened with me for one plus five delivery from Amazon is turning worst...
1732615,1732616,2017-11-07 13:58:07+00:00,"@AmazonHelp And also, I took today off work to receive the promised order. I'll never preorder from Amazon  again."
985196,985197,2017-10-14 10:05:53+00:00,@AmazonHelp I would continue to post till the order is delivered to me. Let public know about service of amazon
780829,780836,2017-10-12 15:29:01+00:00,@AmazonHelp Called your customer support twice a day from 9th oct till today..
1223269,1223270,2017-11-02 12:27:34+00:00,"@AmazonHelp This is appearing. Can't write feedback. ""gifts won't appear in list"". request u to escalate from here only. https://t.co/zwoxF6J1b8"
2907760,2907764,2017-11-28 20:31:53+00:00,@AmazonHelp Neither of those options are acceptable to me so I said so. Now they’ve texted me a new delivery date (a day that I’m not at work) but I’ve sent five emails asking them to confirm I won’t be charged the extra £30 before I accept the slot and they’ve responded to none.
1220877,1220876,2017-10-25 15:24:48+00:00,@AmazonHelp I don’t have a username and password because I don’t even have an account? Is there another way I can contact you
253949,253955,2017-10-05 19:38:07+00:00,@AmazonHelp The only option I was given was for them to change it for tomorrow.
1583681,1583683,2017-11-04 20:39:19+00:00,@AmazonHelp ALL day it said it was on its way and nearly the full bar was full but now its not! https://t.co/tGvNb1qHQy
2603111,2603112,2017-11-17 09:03:46+00:00,"@AmazonHelp Howcome somebody else got the deal a while ago and not me?! 
I really wanted to buy that deal :("
191751,191742,2017-10-05 15:01:39+00:00,"@AmazonHelp Submitted my form earlier , no calls or msg till now 
Hence again Proving Poor Response Worst @115850 @AmazonHelp"
314026,314028,2017-10-07 06:22:33+00:00,@AmazonHelp Your on call executives have no idea about what they are talking about. I need some better assistance urgently.
2475902,2475899,2017-11-15 14:27:23+00:00,@AmazonHelp Offer to buy again. No option to send back. The product was bought in April 2017. https://t.co/THGFTuEZ8I
439654,439653,2017-10-11 10:23:17+00:00,"@AmazonHelp Sí,luego iré a recogerlo y pondré una reclamación a @132703, ya q los d Albal, están siempre dando problemas.Por vuestra parte todo Ok"
1734537,1734538,2017-11-07 13:45:51+00:00,"@AmazonHelp Haven't placed order, because Saturday is too far away. Now ending trial. Other services can deliver tomorrow. Why should I wait?"
1728618,1728620,2017-11-07 10:20:55+00:00,@AmazonHelp I have replied ur email and give u last warning to you return my money immediately! You fuckers ! Buch of criminals!
2273423,2273421,2017-11-11 12:58:55+00:00,"@AmazonHelp Nothing, just an email as though everything was fine. I ordered next day delivery as per usual and woke up to a 'your order is out for delivery, due Monday' when I'm unlikely to be home"
1281386,1281379,2017-10-26 17:27:05+00:00,"@AmazonHelp Mañana, pero la última vez que ocurrió esto, me lo entregaron al martes siguiente, es muy raro que a estas alturas no este listo el paquete"
2303886,2303899,2017-11-15 06:23:04+00:00,@AmazonHelp Never heard back from this rep I spent almost an hour on the phone with last night either. Tomorrow will mark my 5th call of the week! Can't wait 🙄 never mind the countless emails and tweets. Amazon sure knows how to treat loyal customers https://t.co/VtK1FNXBdT
1044927,1044926,2017-10-23 09:53:31+00:00,@AmazonHelp I did and call didn't happen
2394438,2394436,2017-11-14 12:28:36+00:00,@AmazonHelp D’accord je vous remercie. Bonne journée :)
2787726,2787727,2017-11-21 19:56:56+00:00,@AmazonHelp Which I believe would've been handed off to USPS once reaching the US
235720,235724,2017-10-05 14:02:15+00:00,@AmazonHelp It’s Amazon Shipping
1073730,1073726,2017-10-23 16:12:08+00:00,@AmazonHelp Yes order was placed on amazon.in and order no is 408-9230945-5135569 dt. 17/10/2017
1387406,1387411,2017-10-17 11:06:41+00:00,@AmazonHelp Till now i have not received
95299,95296,2017-11-29 21:44:34+00:00,@AmazonHelp Thanks. Will do.
747706,747714,2017-10-11 17:43:02+00:00,@AmazonHelp This is how far I'm  living from main town..
926679,926681,2017-10-21 14:40:38+00:00,@AmazonHelp https://t.co/r2T86VL4hB
1097890,1097888,2017-10-15 05:34:47+00:00,@AmazonHelp link not working.
2390409,2390403,2017-11-14 09:35:04+00:00,"@AmazonHelp https://t.co/CetrSeFQV9, and yeah I guess when he get back from his trip, kinda sucks due that you guys Ruined my birthday, Only thing had to look forward too now I got nothing just but sadness."
683756,683752,2017-11-23 12:18:18+00:00,"@AmazonHelp Non, mais comme j’ai jamais eu de soucis avec vous j’men fou, juste que les 10€ de plus j’les ai senti passé"
183521,183516,2017-10-04 11:14:39+00:00,@AmazonHelp No sir now it was not showing 😁
2814414,2814416,2017-11-27 02:43:31+00:00,@AmazonHelp already communicate me. and I did not get any answer .. I need to unlock the account so that my orders are released. Does anyone speak Spanish?
166470,166468,2017-11-24 21:04:32+00:00,@AmazonHelp La próxima vez comprueben la información. Que me hacéis perder el tiempo inútiles.
1412351,1412352,2017-10-16 17:50:00+00:00,@AmazonHelp I did. Finally resolved after jerking me and UPS around - supervisor stating they UPS could return which they couldn’t. (Its “iain” btw).
1211719,1211728,2017-10-25 12:48:19+00:00,@AmazonHelp thank you
284039,284045,2017-10-06 14:57:55+00:00,@AmazonHelp Nope. I just told you only
789277,789278,2017-10-12 11:37:08+00:00,@AmazonHelp Oh I see. So do I have chance if I watch 5 new titles again?
1495215,1495216,2017-11-03 13:45:28+00:00,@AmazonHelp It shipped and arrived yesterday
1496607,1496608,2017-11-03 12:28:11+00:00,@AmazonHelp Hab euch eine Nachricht geschickt
1126652,1126656,2017-10-16 07:26:34+00:00,@AmazonHelp Yes I have provided the details...
528212,528206,2017-12-02 09:23:49+00:00,@AmazonHelp Customs did not impose restrictions on shipping from Britain
2434610,2434611,2017-10-29 14:08:01+00:00,@AmazonHelp Mais de rien. Quand quelque-chose fonctionne on oublie trop souvent d'en faire part. Si j'habitais plus près je postulerai chez vous. Bon dimanche!
643720,643705,2017-10-13 05:25:26+00:00,"@AmazonHelp Yes, if you still can't see, it's 7017578720. Just see status of my order shown in your app? What a professional app?? On13th it shows exp 9 https://t.co/7rWYq17OPm"
2375332,2375334,2017-11-14 02:45:11+00:00,@AmazonHelp The women I spoke with only said that the packages would be delivered today. No options listed. I was told that you have your own drivers (I was going to see if it was my mail carrier who was causing the issue but the CS rep said that was not the case)
608136,608133,2017-11-22 12:50:48+00:00,@AmazonHelp 予約出来ました!ありがとうございます!
1041231,1041230,2017-10-28 12:22:27+00:00,"@AmazonHelp @128308 m tlkng abt 1. havng #SwitchOffFacility voice/Button2. making voice search across all apps &amp; not jst to #amazonprimeHome"
2279017,2279018,2017-11-11 19:28:14+00:00,@AmazonHelp Mas podiam também NHL &lt;3 Amo hóquei
326304,326369,2017-10-07 16:26:36+00:00,@AmazonHelp Can I change the delivery address. Payment failed
222805,222798,2017-09-27 14:02:14+00:00,@AmazonHelp please provide comensation also for big big delay in cashaback and trouble caused to me
295335,295343,2017-10-07 08:50:01+00:00,@AmazonHelp That takes me to the page to sign up for text trace.  I was already signed up but I don't get any texts.
2171074,2171078,2017-11-17 21:50:28+00:00,@AmazonHelp The Carrier is Amazon Shipping. I am also being told on the website expected delivery is now the 18th-22nd? So i might not receive the actual Game until Thursday...
1623713,1623714,2017-10-29 20:48:11+00:00,"@AmazonHelp I talk to your CS people, I fill out complaint forms and it gets worse. I feel like every time this happens we start over with new problems."
2166589,2166584,2017-11-09 09:55:40+00:00,@AmazonHelp Pris en charge dans l’agence régionale et le colis a été remis à Colis Privé le 7/11.
292825,292831,2017-10-07 02:08:13+00:00,@AmazonHelp I did not recieve the order and Ur agent marked it as product delivered
520684,520688,2017-12-02 05:31:39+00:00,"@AmazonHelp ""We are unable to validate the Gift card / Voucher code you have entered. Please recheck the Gift card / Voucher code before trying to add it again in your account.""

By the way, this happened to my four different codes. What can be the problem"
2318997,2319003,2017-11-14 11:11:05+00:00,@AmazonHelp Hi team still pick up has not happened for my damaged crockery.
180434,180435,2017-10-04 12:45:11+00:00,@AmazonHelp Nemmeno trovare la propria anima gemella dà la sensazione di completezza del corriere Amazon che ripassa in giornata 💘
2300226,2300230,2017-11-12 16:54:56+00:00,"@AmazonHelp I mean I guess I’ll try calling again, because the first two times no help was offered other than a “promo” to my account."
804814,804818,2017-10-12 17:45:28+00:00,@AmazonHelp Thanks
1515351,1515345,2017-11-03 18:30:32+00:00,@AmazonHelp Y’all deliver our packages to the wrong house every time. We literally brought cupcakes to our neighbors as an apology for all the boxes
1248262,1248275,2017-10-31 19:26:58+00:00,@AmazonHelp Reached out
985083,985085,2017-10-14 12:00:55+00:00,@AmazonHelp It was very shocking to know that even you don't know the status of my product !
2588270,2588271,2017-10-30 18:57:20+00:00,@AmazonHelp Absolutely none as they said i need a tracking/purchase numbee But as iv not bought this item i havent got one &amp; its blank on the card :(
2291091,2291099,2017-11-12 10:38:27+00:00,@AmazonHelp  https://t.co/st1HCANWCU
2319606,2319607,2017-11-13 15:43:01+00:00,@AmazonHelp Nearly the delete permanently button is still greyed out.
197996,197997,2017-10-04 14:06:35+00:00,@AmazonHelp We already have and we requested for our replacement phone to be sent via a different courier and again you're sending it by @116324 😡
2627702,2627703,2017-11-17 19:37:40+00:00,@AmazonHelp nope
1124521,1124522,2017-10-24 09:13:57+00:00,@AmazonHelp Please improve your system
1489155,1489153,2017-11-03 08:58:33+00:00,"@AmazonHelp No, no reason for delay and do I get my extra 40€ back for priority shipping when it was not a priority? I have emails proof of everything.."
1537428,1537429,2017-10-17 02:05:36+00:00,@AmazonHelp I wouldn't have to if u could do your job properly. Let public see how you fail to keep your promises #unhappydiwali #whereismyorder
2483730,2483735,2017-10-30 01:11:37+00:00,@AmazonHelp Thanks here is the link https://t.co/IMAm8jHQkY
382263,382264,2017-10-27 11:32:07+00:00,"@AmazonHelp Well, we haven't actually bought those items yet, but we do have these we prepared earlier. https://t.co/IbQ8mUZ4zc"
925347,925352,2017-10-25 06:41:50+00:00,@AmazonHelp Danke!
175368,175367,2017-11-24 23:48:45+00:00,"@AmazonHelp Difficulté à avoir du stock.
Or, @157182 annonce un réassort le 5 Décembre et jusqu'à présent on m'avait promis une livraison à cette période. Maintenant on annule à nouveau cela signifie que @157182  à donc menti (une fois de plus) sur le réassort ?"
894598,894599,2017-10-14 22:40:20+00:00,@AmazonHelp Some Help?  I'm being told to buy from another seller.  Thought you stood behind your products @115821 https://t.co/b520YmJVVt
2950743,2950742,2017-11-29 17:21:08+00:00,@AmazonHelp Pas encore ;) Je me garde 1-2 jours encore si jamais ^^
1131232,1131240,2017-10-26 06:54:02+00:00,@AmazonHelp There’s the usual button - did I solve your problem but no point in pressing that because it isn’t solved. Has been better recently but now😫
938013,938014,2017-10-21 18:48:15+00:00,@AmazonHelp Mobile app (running latest software). The songs are also missing when playing the playlist through Sonos.
132516,132522,2017-11-24 11:33:20+00:00,@AmazonHelp « Le code promo que vous avez saisi n’est pas valide »
608074,608075,2017-11-22 12:25:30+00:00,@AmazonHelp Sir Mene ye mob order liya tha is mob mai problem hai Jo mereko apne diya hai https://t.co/vsX2zwlBxu
231566,231570,2017-10-06 09:48:20+00:00,@AmazonHelp Sorted. Thanks for your help. 😊🙏
1566956,1566957,2017-10-17 05:55:59+00:00,@AmazonHelp Thank you
440269,440217,2017-10-25 17:37:20+00:00,@AmazonHelp Plz find across the snap of my reply on the mail thread sent by you ppl https://t.co/lYJxzmlxCM
363346,363347,2017-10-08 21:05:43+00:00,@AmazonHelp october 16-20
2472408,2472409,2017-11-15 12:36:21+00:00,"@AmazonHelp Dankeschön. 🙂Paket wurde von DHL wieder „an euch“ zurückgeschickt, da meine Adresse angeblich unbekannt ist (Adresse ist natürlich korrekt 🙄)und wurde letzten Donnerstag kurz nach Mitternacht zugestellt. Da die Rückvergütung 2-3 Werktage dauern soll, warte ich diese Woche noch."
783780,783784,2017-10-12 08:16:02+00:00,"@AmazonHelp No problem. It's been the first time in like 15 years. The ""mad as hell"" wasn't meant seriously. I feel bad now for the tweet! 😘"
2265541,2265514,2017-11-14 04:58:15+00:00,@AmazonHelp Till now i didn't get any reply... Is that your services #Amazon_India wrost services ever... I need my money otherwise i have to go CC
105212,105215,2017-11-30 18:32:14+00:00,@AmazonHelp Hi - I'm not sure I have it written down in my Christmas To Do list - but probably an aggregate like RetailMeNot.  ?
1404795,1404794,2017-10-28 18:19:45+00:00,"@AmazonHelp Oooops, pensé que no correría ningún peligro. Gracias por el dato."
1069883,1069884,2017-10-14 23:29:08+00:00,"@AmazonHelp Yes, I've received 2 updates from the app since, both with conflicting information and indicating the delivery won't be tomorrow as promised"
1554836,1554837,2017-11-04 12:05:19+00:00,@AmazonHelp La Poste.
720775,720776,2017-10-11 01:56:52+00:00,"@AmazonHelp That’s what I got, but when I turned it on to get started it said I get 1 month free and then charged 2.99 for one kid profile."
1532110,1532117,2017-11-04 01:39:39+00:00,"@AmazonHelp If this *DVD store* mishandled one DVD out of three in the order, where are the other two? Whole order is marked as ""delivery error"" 10/24."
2828828,2828829,2017-11-27 15:12:04+00:00,"@AmazonHelp I don’t know as since starting the return process I can no longer track it myself.
I just want my money back for the item I never received. I don’t understand why this is so difficult."
727851,727855,2017-10-11 09:03:21+00:00,@AmazonHelp #406-1208437-8587531
1286395,1286400,2017-10-26 19:21:40+00:00,"@AmazonHelp Crédito. É o q sempre uso pra compra de ebook e livros físicos.
O outro tbm é crédito, no nome da minha mãe."
2154224,2154225,2017-11-26 17:43:24+00:00,@AmazonHelp @14398 no one contacted. Is it you or your associates are intentionally doing. Last 5 shipments are not delivered from DEL3 sonipat
2435681,2435689,2017-10-29 15:12:46+00:00,@AmazonHelp Can’t be bothered to deal with this anymore.
2284741,2284744,2017-11-11 15:21:23+00:00,@AmazonHelp  https://t.co/8XvLlmexcF
909022,909024,2017-10-21 09:15:55+00:00,@AmazonHelp The order is not yet delivered.
1200812,1200813,2017-10-25 09:19:22+00:00,"@AmazonHelp Is that the service you give to your so called ""PRIME"" members?"
1152578,1152581,2017-10-26 04:36:37+00:00,@AmazonHelp @115850 wer is the solution for my query
525548,525546,2017-12-02 06:21:37+00:00,@AmazonHelp I have reported my complaint already.. 2 days ago. But no response from ur side. I'm not expecting this. Pls refund my amount as soon as possible. I would prefer another service provider
2470088,2470089,2017-11-15 11:16:08+00:00,"@AmazonHelp I got next day delivery because I really needed these today, our safe place is safe and out of sight... Now I can't change delivery address for tomorrow's redelivery?! Didn't let me change it online or on the app"
2081541,2081543,2017-10-19 03:44:59+00:00,@AmazonHelp My next day delivery never arrived. Chat just ‘promised’ to have it delivered tomorrow but I was promised that today. My issue isn’t even...
1112095,1112097,2017-10-24 02:23:49+00:00,@AmazonHelp I was expecting it on Saturday. Went to get it from the post office today and they told me it was back on the truck.
21940,21935,2017-10-25 15:37:01+00:00,@AmazonHelp Check my order ID and the details I have shared with your online form.
2453250,2453251,2017-10-30 13:00:07+00:00,@AmazonHelp I didn't receive my parcel yesterday
1031731,1031735,2017-10-14 18:25:09+00:00,@AmazonHelp J’habite en seine maritime ?
1719230,1719231,2017-11-26 05:34:33+00:00,@AmazonHelp I have been telling repeatedly that my account was compromised and when I tried to gain access it was already blocked. I don't have the email of the account at the moment so to whom &amp; what to reply. But my 30k mobile is now a waste because of a invoice. Please help &amp; give invoice
1353510,1353515,2017-10-18 16:23:35+00:00,"@AmazonHelp Buenas tardes, no recibí el pedido ni durante el día de ayer ni de hoy y no encuentro cómo reclamarlo en la web."
419845,419864,2017-10-10 10:29:57+00:00,"@AmazonHelp Yes, but I confirmed over cust care that the order is confirmed and I have even got a mail from them."
36546,36543,2017-10-25 12:43:54+00:00,"@AmazonHelp No help received either from them. 
They have directed to  speak to KENSTAR"
755049,755056,2017-10-12 11:11:40+00:00,@AmazonHelp It's been 2 hrs. U said shortly. I wonder what happened to Amazon Standards. @115851 @1840
2847464,2847468,2017-11-27 20:30:41+00:00,@AmazonHelp Thank you
1547863,1547861,2017-10-17 03:05:16+00:00,@AmazonHelp Amazonカスタマーセンターって書いてるんですけどこれも騙すための文ですか？？
1258570,1258571,2017-10-26 08:56:23+00:00,@AmazonHelp Doesn't exactly scream #FreshFood #getprepped does it @53009?? 📦🥕🌽🍗 https://t.co/SYh3ltP6zZ
386184,386193,2017-10-09 13:47:09+00:00,"@AmazonHelp Just a refund, which has landed me in the position of trying to send the TV back without the original box."
2551326,2551330,2017-10-30 16:03:31+00:00,"@AmazonHelp I won’t lie, it’s niggles like this that make me question my prime renewal (due in ~16 days). Thanks though"
349239,349242,2017-10-08 13:10:22+00:00,@AmazonHelp Limited to Non-Prime members because my Brother and one of my friend got their invitation. Both of them don't have Prime (But I Have)
1505391,1505389,2017-11-03 16:55:09+00:00,@AmazonHelp Voici la réponse https://t.co/mKv90elOS1
981447,981448,2017-10-14 09:33:37+00:00,"@AmazonHelp ""this card is issued by SBI cards &amp; payment services pvt ltd "" is written on back side of the card."
1403205,1403206,2017-10-16 18:34:48+00:00,@AmazonHelp But why it's happening again and again guys...? Really not satisfied with the service...😕
288132,288094,2017-10-11 14:42:49+00:00,@AmazonHelp @115850  @132994  I did respond. It seeks another 12-24 hrs to work on issues. Alrdy  2 days delayed &amp; u doesnt know where the pkt is
547920,547921,2017-12-02 19:31:31+00:00,@AmazonHelp I don't want to return it. I ordered it because I wanted the item. But I was shipped one in a different quality than the one I ordered :(
1579687,1579688,2017-11-04 19:31:10+00:00,"@AmazonHelp Yep. My mail has already ran, and the tracking number doesn’t even provide correct updates....."
191751,191745,2017-10-06 02:49:23+00:00,"@AmazonHelp I Had Filled the Same Details which sent you as msg , don't make customers as fools 
Really Very Poor Customer Support @115850 @115821"
354422,354427,2017-10-12 02:19:48+00:00,@AmazonHelp will do thx
1081419,1081420,2017-10-23 21:11:42+00:00,"@AmazonHelp all sorted now, thank you!! 😌👏"
138193,138183,2017-11-24 15:23:09+00:00,"@AmazonHelp Es ist so, der Artikel ist gerade 44,95€ günstiger als sonst. ;)"
2510680,2510686,2017-10-31 04:12:33+00:00,@AmazonHelp Yes i bought amazon prime from prime video app
2141287,2141285,2017-11-08 23:07:21+00:00,"@AmazonHelp Lo spero,potreste verificare?"
434429,434422,2017-10-10 16:30:11+00:00,@AmazonHelp And still not received today
832889,832890,2017-10-13 06:52:55+00:00,"@AmazonHelp 184... :) Okay, 30 oder 40 sind Comics. Aber auch das dürfte nicht Stunden dauern."
124799,124814,2017-11-25 01:06:59+00:00,"@AmazonHelp ""Dream"" or nightmare? goes on: Got told to re-order for the delivery which is stated as delivered &amp; never did &amp; that I will be refunded. Then talks with @115821 Jamaika &amp; Cape Town with info to wait for 72hours now &amp; they cannot refund + police report needed #CustomerExperience"
1748568,1748570,2017-10-17 20:44:59+00:00,"@AmazonHelp Carrier: AMZL US, Tracking #: TBA492774361000"
2884881,2884882,2017-11-28 13:52:11+00:00,@AmazonHelp thanks for your reply. I'm thinking about linking the dot to a different not unlimited account in the meantime. I don't really see the need for the family so far.
2192373,2192370,2017-11-09 20:43:14+00:00,@AmazonHelp If not arriving and I leave tomorrow what happens?
857038,857039,2017-10-13 14:21:18+00:00,"@AmazonHelp Nah it's nothing to do with that, every item I check on a Friday, in stock and dispatched by Amazon won't be delivered until Monday."
180258,180257,2017-10-04 11:38:36+00:00,"@AmazonHelp They didn't consult for my consent, he came today but left vidout delivering. Order fr Wells Fargo building. He refuses to came in &amp; left"
2841818,2841811,2017-11-27 17:12:13+00:00,@AmazonHelp une idée docteur ? 🤣
746606,746607,2017-09-28 15:51:22+00:00,"@AmazonHelp I have, yeah. Same result. Rebooted the ipad tho and everything working ok. Unusual, because normally updates work right out of the box."
2084560,2084561,2017-11-08 09:55:04+00:00,@AmazonHelp To stop her from buying/renting something accidentally
2922447,2922451,2017-11-29 02:33:58+00:00,@AmazonHelp Well the items are.. I was also offered a refund so  I can reorder it from the davenport center (FL) according to a super visor. She stated it may be a day faster but she couldn't promise anything. So I didnt worry about making it more difficult. So it's  clear they have it.
1205457,1205461,2017-11-02 14:49:22+00:00,@AmazonHelp I have contacted them through the above link 👆 Why I'm not getting an answer? @AmazonHelp does help right?
1721647,1721651,2017-11-07 11:37:14+00:00,@AmazonHelp No actually I wasn't. They didn't have an option to review but I did email them and they are taking care of it.
380750,380771,2017-10-10 17:36:14+00:00,@AmazonHelp Please can you private tweet me and I’ll send you my contact details
1531276,1531280,2017-11-03 20:35:04+00:00,"@AmazonHelp Yes, and it logged me into my account. I browse audiobooks but when I go to checkout there are no credits. https://t.co/FEEbDo2kPC"
179422,179415,2017-10-07 05:32:16+00:00,@AmazonHelp You have not replied for J7 prime
2935818,2935819,2017-11-29 11:10:09+00:00,@AmazonHelp Please be serious and close this . I am extremely disturbed by shopping at Amazon. I don't like getting cheated ! You folks are not addressing my problem! I am going every day 1 celebrity to stop using Amazon unless you replace fake product I have received!
2885661,2885662,2017-11-28 12:05:25+00:00,@AmazonHelp Thanks for the fast delivery. Amazon Prime membership is worth it. :)
2296042,2296043,2017-11-12 21:26:43+00:00,@AmazonHelp Yes but I asked for replacement! This is the 2nd del that your carriers are incapable of following instructions!! Last del was left on front door step and it went missing.
1450066,1450070,2017-11-02 17:35:18+00:00,@AmazonHelp All ready fixed this with my bank.
1772966,1772965,2017-11-08 02:20:02+00:00,"@AmazonHelp @532869 アプリ、Firefoxでも同様
イキナリ表示されなくなった
ツイートを見る限りだと結構起きている？
仕様変えた？
一体、どうなっているんだ？
早く、公式発表してくれんかなぁ
気持ち悪い"
2276018,2276016,2017-11-11 08:16:50+00:00,@AmazonHelp Ok.  Sent her the link.  Thanks guys
332353,332354,2017-10-07 19:13:30+00:00,@AmazonHelp how can you refund back to an account that doesn't exist?!
2410444,2410440,2017-11-14 16:39:44+00:00,@AmazonHelp  mercredi 15 novembre
2395795,2395796,2017-11-14 16:35:11+00:00,"@AmazonHelp Non rien d'anormal avec la poste (les retards on connait), j'ai commandé vendredi avec livraison aujourd'hui, mais la date a changé, pas de soucis au niveau d'Amazon c'est la poste qui n'est pas une valeur sure pour les colis, j'ai jamais reçu un colis dans les temps avec eux."
916547,916553,2017-10-22 05:39:21+00:00,"@AmazonHelp how can you say that, it was no way offensive , it was a feedback in simple English meeting to your guidelines."
1401459,1401466,2017-11-25 22:51:04+00:00,"@AmazonHelp the person in the amazon chat said it looks like USPS has the package already...too contact them. but according to their tracking...which again hasn't been updated since thursday...Your item was picked up by a shipping partner at 5:46 am on November 23, 2017 in RUSKIN, FL 33570."
783032,783028,2017-09-25 13:17:30+00:00,@AmazonHelp @13150 @115850 @117795#no update#noresolution more than#70 hours over.#customer care r dumb.when #saynotoamazon
417019,417024,2017-10-10 05:02:33+00:00,@AmazonHelp Already did that.. but of no use
493505,493506,2017-12-01 17:19:49+00:00,@AmazonHelp Nope. I've just spoken with customer services but they can't help apart from to tell me it's late and should arrive soon... Which isn't very helpful. Maybe I should have pre-ordered somewhere else.
1246344,1246346,2017-10-26 00:49:09+00:00,@AmazonHelp Yes just ordered something today and it says ready to ship but not coming til Monday. And it’s been everything lately
877018,877024,2017-10-14 00:59:32+00:00,"@AmazonHelp It says ""ships from and sold by https://t.co/s2iL5Cpv0X"""
420253,420257,2017-10-10 21:36:45+00:00,@AmazonHelp I never got it !! https://t.co/dENOyNcGBr
205245,205246,2017-11-25 02:29:12+00:00,@AmazonHelp It has not arrived yet. It was suppose to arrive today by 8pm.
1347617,1347618,2017-10-27 17:22:22+00:00,@AmazonHelp Dacc merci quand même
1495176,1495184,2017-11-03 12:14:40+00:00,@AmazonHelp Fait ✅
2107323,2107324,2017-11-26 13:28:50+00:00,@AmazonHelp Amazon logistics 🙄 nightmare delivery
2663006,2663017,2017-10-31 11:33:53+00:00,@AmazonHelp How many days before?
787159,787161,2017-10-12 10:38:20+00:00,@AmazonHelp D number shared is tracking id. Pls note if i wanted slow i would have written through amazon. But theres no way to reach u guys
358822,358826,2017-10-08 16:43:59+00:00,@AmazonHelp @115850 hire some humans with common sense who can understands the sentiments..!! Not just robots..!!
113747,113748,2017-11-23 20:55:12+00:00,@AmazonHelp What would be done to rectify the situation if it's not been delivered by then?.
1875445,1875446,2017-10-18 10:37:46+00:00,@AmazonHelp it’s given me a label to take to post office but the item is defective so was expecting a hermes collection...
180314,180313,2017-09-30 15:49:22+00:00,"@AmazonHelp I raised a return request but no pick up is there , it’s been 10 days now"
2757413,2757414,2017-11-21 03:30:46+00:00,@AmazonHelp Mañana 😍 Prime ha sido lo mejor que me ha pasado.
86199,86189,2017-11-30 14:13:26+00:00,@AmazonHelp At this point I want a new shipment of product via FedEx Express overnight.
1860991,1860988,2017-11-21 21:00:57+00:00,"@AmazonHelp Da es diese Version des Spiels nur bei Amazon UK zu kaufen gibt, denke ich nicht, das ein einfacher Umstausch möglich ist. Ist ja auch nur der Ausenkarton...aber bei dem Preis ärgert man sich schon wenn man eine verbeulte Verpackung hat."
1206123,1206124,2017-10-25 09:17:48+00:00,"@AmazonHelp わざわざありがとうございます！

一応出品者へ連絡はしてみました。"
1473295,1473296,2017-11-03 02:28:42+00:00,@AmazonHelp おお、公式からのリプありがとうございます！:-)
2230354,2230355,2017-11-10 15:37:06+00:00,"@AmazonHelp When do I get the Cash back for this Macbook Air laptop? Also please refund the delivery fee that you charged for early delivery by 11 am but could only deliver by 5:30 pm, inspite of my prime membership !!! @115850"
2545400,2545399,2017-11-16 13:50:58+00:00,"@AmazonHelp ありがとうございます。
遅い時間なので明日電話してみます。"
1370762,1370760,2017-10-27 23:51:12+00:00,@AmazonHelp  https://t.co/uYHbIcb5hQ
322280,322281,2017-10-07 14:18:10+00:00,@AmazonHelp She will start playing on Sonos but no commands to stop playing work. Unit lights up like she is listening but nothing happens 😕
2766226,2766222,2017-11-21 10:27:30+00:00,@AmazonHelp Thanks for the help. Resolved.
656096,656100,2017-11-23 12:04:15+00:00,"@AmazonHelp If i do that, i will be unable to use my computer for however long it takes to get a new one, this is the only keyboard i own...."
2795362,2795360,2017-11-22 03:02:10+00:00,@AmazonHelp Called and got hung up on Smh  @115821
64071,64067,2017-11-30 08:12:44+00:00,@AmazonHelp Right. I’ve been through this over and over again via chat and phone customer service agents. Nothing changes and I never have my actual issue solved; which is how Amazon handles problems. That support system isn’t designed to help beyond apologizing and issuing credits.
318232,318780,2017-10-07 10:59:37+00:00,@AmazonHelp Can you DM (direct message) since you have difficulties comprehending the English language
793865,793868,2017-10-13 10:35:09+00:00,"@AmazonHelp I didn’t find anythng helpful, could you please call me and assist with best possible option. Looking for swift assistance"
870057,870054,2017-10-13 15:39:32+00:00,@AmazonHelp I have cancelled the order. No delivery attempt was made. I will happily DM the order reference etc to you.
1477976,1477977,2017-11-02 23:30:23+00:00,"@AmazonHelp J'ai payé pour un emballage cadeau, et je vais me retrouver sans cadeau, au moins ce sera une surprise..."
321192,321193,2017-10-07 13:35:09+00:00,@AmazonHelp Can’t. On my way to catch a flight now. Running late and without the product I needed. Not impressed. Expecting more as a prime member
2758164,2758161,2017-11-21 03:41:05+00:00,@AmazonHelp Do you offer it in Maryland?
1277439,1277431,2017-10-17 14:14:28+00:00,@AmazonHelp Please make sure tomorrow it gets delivered before 12PM thanks just a humble request please.
493418,493413,2017-12-03 09:33:49+00:00,@AmazonHelp No I have asked them to but they say they are investigating and have redirected my order and was promised it would arrive yesterday still nothing.  Bn told and assured it will b here tomorrow but I have little faith now.
375826,375827,2017-10-09 10:09:34+00:00,@AmazonHelp No. Still haven't received an email notification. Had to log in to find out the package is late.
942152,942154,2017-10-23 06:11:03+00:00,"@AmazonHelp It is not so. Just because u don't want to expose urself, u don't want to put on public platform"
312090,312096,2017-10-07 19:02:47+00:00,@AmazonHelp Let me know when i can expect my order.
74562,74563,2017-11-30 11:39:29+00:00,@AmazonHelp Creo que por Amazon
836481,836482,2017-10-13 12:31:30+00:00,@AmazonHelp You don't need to worry about my order details as they are my personal details. I am OK with that
1681758,1681762,2017-11-06 17:14:36+00:00,@AmazonHelp done. Expecting an explanation on ur call.
1710592,1710597,2017-10-17 18:18:13+00:00,"@AmazonHelp La verdad que no, nunca se me habia dado ésta situación y no se realmente si debia reportar en Amazon o en Correos, ya que es problema ext."
2700777,2700778,2017-11-19 21:11:41+00:00,"@AmazonHelp Amazingly it was 8 minutes before the end of the delivery window. Pretty sure he just ran out of time, because no DPD van came past"
1216288,1216294,2017-10-25 18:36:52+00:00,"@AmazonHelp i did not get any mail
you can not help me
you cheated with me
delete my accout"
913364,916542,2017-10-21 13:22:43+00:00,"@AmazonHelp  much appreciated, please ensure the refund is effected ASAP."
1353536,1353534,2017-10-16 14:22:00+00:00,@AmazonHelp i did! thank you!
206743,206742,2017-10-04 21:39:22+00:00,@AmazonHelp I've been charged a prime membership fee three times since last Friday.
2179077,2179082,2017-10-20 07:42:07+00:00,@AmazonHelp Secondly your email is only a copy of the complaint I have lodged with your customer care. What reply is expected - u r only harassing me
579806,579807,2017-12-03 11:44:50+00:00,"@AmazonHelp Pas d'avis de passage, pas sonné, pas même venu dans le quartier ! Etant donné que j'ai déjà demandé à Amazon de ne pu utilisé ce transporteur car probleme récurent, que faut il faire pour être livré a l'heure en Premium..."
485322,485320,2017-12-01 15:12:58+00:00,"@AmazonHelp Set was missing a pan. I was advised to wait for a return label, return the set, new set would go out before Monday. Then, I was told to return the set and buy it again. Problem is there is a $500 price difference today."
1010365,1010366,2017-10-14 14:30:22+00:00,@AmazonHelp Yes I had a chat with them as well. But not fruitful enough to solve the issue.
2482093,2482097,2017-10-29 23:27:23+00:00,@AmazonHelp I have used that contact form and just received the same generic response asking for information (which I have sent more than once). I hope
2052214,2052215,2017-10-18 23:56:15+00:00,@AmazonHelp Shipped. China post.
775054,775053,2017-10-12 02:20:51+00:00,@AmazonHelp I have replied there. Check asap. Otherwise I'll be forced to write here once again.
1398502,1398504,2017-10-29 13:46:35+00:00,@AmazonHelp It magically got enabled today. I can get multi room music now on all my Echo
934384,934377,2017-10-21 17:55:55+00:00,"@AmazonHelp Just spent 10 minutes on the phone, disappointed and frustrated that no one is willing to help"
254057,254062,2017-10-06 04:47:29+00:00,@AmazonHelp They just responded with a new EUB tracking number that doesn’t work and saying it could take up to 15 DAYS for it to arrive. I am LIVID!
505875,505876,2017-12-02 01:41:36+00:00,"@AmazonHelp Thanks... I got it favourited but is there any way to replay what's been played earlier? After thinking it was a gimmick have to admit Alexa is a lot of fun, I'm a convert!"
1429451,1429458,2017-11-02 07:02:44+00:00,@AmazonHelp Can I get a callback on my number for this or not??
2780558,2780559,2017-11-21 16:55:13+00:00,@AmazonHelp Your team has been working on it for last 14 days....how much more should i wait so that you appreciate my patience.
564934,564936,2017-12-03 13:19:50+00:00,@AmazonHelp Luckily it was. Just don't understand why didn't leave it at my neighbors. It would of been soaked through
281973,281974,2017-10-06 12:34:16+00:00,@AmazonHelp @AmazonHelp I contacted every possible person but nothing happened
2488969,2488970,2017-11-26 19:25:49+00:00,"@AmazonHelp Yes, that’s where it’s gone I think, I’m sure they’re doing everything they can,"
1005097,1005101,2017-10-14 20:39:19+00:00,"@AmazonHelp Yeah the name was left called ""spinetinglers"""
964174,964175,2017-10-14 05:30:49+00:00,@AmazonHelp The exchange value was showing X value for some time. I had a little delay in processing the order the value changed. How?
831765,831780,2017-10-15 10:55:53+00:00,@AmazonHelp Then what should I do with that email correspondence. I need that to gift someone but the date has gone and even I don't got the product. These types of activities from your side are just troubling your own customers. I have no words to say after this act. Never recommend Amazon.
2213789,2213790,2017-11-10 04:28:27+00:00,@AmazonHelp Hey looks like it's back ! Thanks ! 😀
1288876,1288869,2017-10-17 17:22:40+00:00,@AmazonHelp Je devais être livré jeudi dernier. Commande Prime. Cadeau pour anniv. @120533  prisonnier de @120535 Remboursez moi.
180070,180071,2017-10-04 18:28:22+00:00,@AmazonHelp I told ur customer service. But I need my product fast
110004,110005,2017-11-23 20:04:18+00:00,@AmazonHelp Se lo he explicado por MD
1380320,1380321,2017-10-28 05:17:02+00:00,"@AmazonHelp I've publish 32 books to date, and never had an issue..."
2887289,2887290,2017-11-28 13:01:28+00:00,@AmazonHelp I seriously fedup with your way of caring for your customers and their valuable money and trust they invest on you 2/2
1953361,1953362,2017-11-16 16:06:16+00:00,"@AmazonHelp Entschuldigen sie, selbstverständlich! Der Support von Amazon war wie immer Klasse und hat mein Problem innerhalb von 2 Minuten zufriedenstellend gelöst. Meine eigentlich Frage, ob die Garantie über Amazon oder über den Händler läuft, würde ja hier auf Twitter schon (1/2)"
167960,167959,2017-11-24 20:52:26+00:00,"@AmazonHelp Tá tudo ok , fiz ele hoje !! 😉"
470158,470159,2017-12-01 07:56:46+00:00,"@AmazonHelp i already filed complain but your representatives just ignoring the act and assuring me that i get my money back in my AMAZON PAY
but i cleary told them that i take money in my bank account as i dont want to purchase anything from you without my desire..dont trap ur customers"
1116165,1116168,2017-10-15 17:41:15+00:00,@AmazonHelp Done.
429082,429089,2017-10-10 14:38:25+00:00,@AmazonHelp Why should I fill m not free for you give me my refund and close your operation coz you people can not give importance to customers .
1621273,1621285,2017-11-06 12:29:33+00:00,@AmazonHelp Reply to which email . I don’t know which email you want me to respond as I have 3 emails since yesterday
2226915,2226916,2017-10-19 16:16:44+00:00,@AmazonHelp The item was from a third party seller but shipped with post it notes sold by you. We got the post its but there was no pin backs in the box
2151103,2151126,2017-10-20 11:19:57+00:00,@AmazonHelp How fucking long 1 month?
780017,780027,2017-10-12 17:06:09+00:00,"@AmazonHelp I will beg for help from news channel ,i will not loose hope"
2592180,2592185,2017-11-17 02:55:39+00:00,"@AmazonHelp いえいえもぅずっと
お世話になっておりますから
いつもありがとう御座います
ご無理はなさらぬように。
HS"
1026137,1026138,2017-10-14 17:14:01+00:00,"@AmazonHelp Nothing beside sending another mattress that will get here on Tuesday. Giving me what I've ALREADY paid for, FOUR DAYS LATE isn't resolving!"
314036,314040,2017-10-07 06:26:46+00:00,@AmazonHelp I did. Amazon made no assurances that I would actually get the movie.
550501,550516,2017-12-02 19:43:17+00:00,@AmazonHelp That was order out for delivery on Nov 30 @ 12:11 pm...
1593994,1593995,2017-11-05 14:11:32+00:00,"@AmazonHelp リプライありがとうございます。
amazonさんは問題なく、運送会社の方のミスでしたので、、
中身すぐに確認しましたが幸い購入したものが固いものだったため無事でした。
わざわざありがとうございます。"
1113510,1113511,2017-10-16 18:45:13+00:00,@AmazonHelp #amazonindia its been now more than 48 hour without any resolution on this issue.iecustomerservicerip #poorperformance #untrustworthyAmazon
608022,608020,2017-11-22 13:57:37+00:00,@AmazonHelp Je viens de le faire ils ont été top. Merci 🙏🏽
616897,616900,2017-11-22 14:40:52+00:00,@AmazonHelp My husband and I have already done this with 2 people in cs in the last week. I'm just shopping elsewhere.
1307229,1307232,2017-10-27 03:27:34+00:00,@AmazonHelp But its available . I am able to order stuffs from other websites .
343910,343911,2017-11-07 15:56:43+00:00,@AmazonHelp Initially @115821 were very helpful emails almost daily not two weeks later nothing problem still there and no communication
1029683,1029668,2017-10-26 18:46:40+00:00,"@AmazonHelp Will u refund my amount, its going to be a month,u haven't delivered my #MotoG5SPlus also not giving back my money. Evn no response on mail"
1595204,1597020,2017-10-17 09:29:33+00:00,@AmazonHelp Will keep in mind next time. Thanks
1468367,1468370,2017-11-03 02:01:05+00:00,@AmazonHelp @460821 Why not?!
2688106,2688107,2017-11-19 22:14:08+00:00,@AmazonHelp I was hoping to get a reward or something :-)
1880179,1880192,2017-10-18 11:45:07+00:00,@AmazonHelp As far as I'm concerned this is a failure on amazons part. You didn't ask me how I wanted to pay.
1118063,1118064,2017-10-24 04:54:28+00:00,@AmazonHelp Doesn’t say could I give you my order number ?
2308326,2308327,2017-10-19 21:34:53+00:00,"@AmazonHelp Non vous êtes rapides mais quand même 🤣
Je viens de commander à l'instant mais ça va arriver rapidement !"
606221,606230,2017-11-23 11:50:46+00:00,"@AmazonHelp Will do, not impressed by the lying of your delivery company though. It's just not on."
1955284,1955283,2017-10-18 17:32:45+00:00,"@AmazonHelp Amazon used to have the sort by title function, but I don't see it anymore. Has that been removed?"
2762060,2762068,2017-11-21 08:42:19+00:00,@AmazonHelp Yes!!. It was ordered September 15th!!.
2530727,2530731,2017-10-30 13:36:58+00:00,@AmazonHelp Já fiz isso
315240,315248,2017-10-07 08:52:58+00:00,@AmazonHelp Ok. Danke! Wenigstens konnte ich mich jetzt wieder anmelden - ging seit 2.30uhr nicht mehr! 😉
430596,430600,2017-10-10 15:16:04+00:00,@AmazonHelp yeah sure. ^_^
2835612,2835609,2017-11-27 15:04:39+00:00,@AmazonHelp Ok thank you.
1743851,1743849,2017-11-20 14:17:12+00:00,"@AmazonHelp Two currently late orders, going to be 2 days late at minimum. Already spoke with Customer Service through chat, but honestly just getting very frustrated at how many times I've had to do that in the last few months. @118706 and @115817 both used, unfortunately."
2527657,2527663,2017-11-17 04:42:32+00:00,@AmazonHelp My package didn’t show up today either... 😤 That’s 2 days late.
1545220,1545219,2017-11-04 05:46:01+00:00,@AmazonHelp what’s the purpose of this account if I have to call 1-800# after posting here???
1009218,1009219,2017-10-22 20:42:33+00:00,@AmazonHelp Solo con Correos Express. Espero que fuese solo está última vez
1496014,1496015,2017-11-03 12:10:48+00:00,"@AmazonHelp Está prevista para hoy, día 3 de noviembre, pero por anteriores experiencias, mis expectativas no son muy buenas :("
1300534,1300536,2017-10-16 09:39:18+00:00,@AmazonHelp Oh yes. You people been helping me from last one month. Now I chose to forget my money
1754285,1754286,2017-11-08 01:37:28+00:00,@AmazonHelp This quiz https://t.co/J8rA6xpNXr
708583,708585,2017-10-10 20:33:58+00:00,@AmazonHelp @AmazonHelp  my account is ARMAKD and my mail __email__
844205,844207,2017-10-20 14:09:42+00:00,@AmazonHelp First I received this... then this lovely message.. the item is sold by amazon &amp; is still on their website for purchase. Why aren’t u guys https://t.co/5k4EymP84b
374163,374164,2017-10-09 01:19:57+00:00,@AmazonHelp It was 3rd party but I bought it with @116090 business integrity
2602919,2602920,2017-11-26 21:27:00+00:00,@AmazonHelp simmmmm 💕
2500798,2500800,2017-11-15 19:40:49+00:00,@AmazonHelp J’ai effectuer une commande dimanche dernier je devais être livré aujourd’hui avant 20h mais il y a eu soucis comme quoi on ne trouvais pas mon adresse . j’ai appelé le service client la personne que j’ai eu m’a certifier que
1615543,1615581,2017-11-06 12:27:14+00:00,"@AmazonHelp You all are trying to loot my money and not I will not let this happen, you all are the most pathetic criminals of world!"
900901,900908,2017-10-21 05:08:58+00:00,@AmazonHelp I didnt get an option 2 leave feedback after rhe chat. I left tracking feedback on my package and referred to the rep I spoke with.
19133,19130,2017-10-31 13:05:08+00:00,@AmazonHelp Its very headache so please pick up from your hand. I dont pick up any charges for courier so please arrange from u.
2774179,2774180,2017-11-21 15:10:27+00:00,"@AmazonHelp C'est okay, juste un peu plus long que prévu :)"
1210988,1210986,2017-10-15 23:09:20+00:00,@AmazonHelp It says that the carrier was: AMZL US
80661,80674,2017-12-01 12:40:41+00:00,"@AmazonHelp Il y a qd même un gros problème avec Chronopost de manière générale car sur les sms et mails ils donnent la possibilité de modifier le créneau (encore sur le sms ce matin, j'avais jusque 9.30!) mais impossible de le faire !"
